weight_name,values
distance_to_monster,-2144.9168726203416
astar_to_goal,12551.365955575953
bomd_safe,393.51896938323046
distance_to_bomb,632.064126351533
bomb_available,748.6063167599027
man_to_goal,18735.025747433796
